Name,Category,Equipment,Primary Muscle,Level,Mechanic
"3/4 Sit-Up","strength","body only","abdominals","beginner","compound"
"90/90 Hamstring","stretching","body only","hamstrings","beginner",""
"Ab Crunch Machine","strength","machine","abdominals","intermediate","isolation"
"Ab Roller","strength","other","abdominals","intermediate","compound"
"Adductor","stretching","foam roll","adductors","intermediate","isolation"
"Adductor/Groin","stretching","","adductors","intermediate",""
"Advanced Kettlebell Windmill","strength","kettlebells","abdominals","intermediate","isolation"
"Air Bike","strength","body only","abdominals","beginner","compound"
"All Fours Quad Stretch","stretching","body only","quadriceps","intermediate",""
"Alternate Hammer Curl","strength","dumbbell","biceps","beginner","isolation"
"Alternate Heel Touchers","strength","body only","abdominals","beginner","isolation"
"Alternate Incline Dumbbell Curl","strength","dumbbell","biceps","beginner","isolation"
"Alternate Leg Diagonal Bound","plyometrics","","quadriceps","beginner","compound"
"Alternating Cable Shoulder Press","strength","cable","shoulders","beginner","compound"
"Alternating Deltoid Raise","strength","dumbbell","shoulders","beginner","isolation"
"Alternating Floor Press","strength","kettlebells","chest","beginner","compound"
"Alternating Hang Clean","strength","kettlebells","hamstrings","intermediate","compound"
"Alternating Kettlebell Press","strength","kettlebells","shoulders","intermediate","compound"
"Alternating Kettlebell Row","strength","kettlebells","middle back","intermediate","isolation"
"Alternating Renegade Row","strength","kettlebells","middle back","expert","compound"
"Ankle Circles","stretching","","calves","beginner","isolation"
"Ankle On The Knee","stretching","","glutes","beginner",""
"Anterior Tibialis-SMR","stretching","other","calves","intermediate",""
"Anti-Gravity Press","strength","barbell","shoulders","beginner","compound"
"Arm Circles","stretching","","shoulders","beginner","isolation"
"Arnold Dumbbell Press","strength","dumbbell","shoulders","intermediate","compound"
"Around The Worlds","strength","dumbbell","chest","intermediate","compound"
"Atlas Stone Trainer","strongman","other","lower back","intermediate","compound"
"Atlas Stones","strongman","other","lower back","expert","compound"
"Axle Deadlift","strongman","other","lower back","intermediate","compound"
"Back Flyes - With Bands","strength","bands","shoulders","beginner","compound"
"Backward Drag","strongman","other","quadriceps","beginner","compound"
"Backward Medicine Ball Throw","plyometrics","medicine ball","shoulders","beginner","compound"
"Balance Board","strength","other","calves","beginner","compound"
"Ball Leg Curl","strength","exercise ball","hamstrings","beginner","isolation"
"Band Assisted Pull-Up","strength","other","lats","beginner","compound"
"Band Good Morning","powerlifting","bands","hamstrings","beginner","compound"
"Band Good Morning (Pull Through)","powerlifting","bands","hamstrings","beginner","compound"
"Band Hip Adductions","strength","bands","adductors","beginner","isolation"
"Band Pull Apart","strength","bands","shoulders","beginner","isolation"
"Band Skull Crusher","strength","bands","triceps","beginner","isolation"
"Barbell Ab Rollout","strength","barbell","abdominals","intermediate","compound"
"Barbell Ab Rollout - On Knees","strength","barbell","abdominals","expert","compound"
"Barbell Bench Press - Medium Grip","strength","barbell","chest","beginner","compound"
"Barbell Curl","strength","barbell","biceps","beginner","isolation"
"Barbell Curls Lying Against An Incline","strength","barbell","biceps","beginner","isolation"
"Barbell Deadlift","strength","barbell","lower back","intermediate","compound"
"Barbell Full Squat","strength","barbell","quadriceps","intermediate","compound"
"Barbell Glute Bridge","powerlifting","barbell","glutes","intermediate","compound"
"Barbell Guillotine Bench Press","strength","barbell","chest","intermediate","compound"
"Barbell Hack Squat","strength","barbell","quadriceps","intermediate","compound"
"Barbell Hip Thrust","powerlifting","barbell","glutes","intermediate","compound"
"Barbell Incline Bench Press - Medium Grip","strength","barbell","chest","beginner","compound"
"Barbell Incline Shoulder Raise","strength","barbell","shoulders","beginner","compound"
"Barbell Lunge","strength","barbell","quadriceps","intermediate","compound"
"Barbell Rear Delt Row","strength","barbell","shoulders","beginner","compound"
"Barbell Rollout from Bench","strength","barbell","abdominals","intermediate","compound"
"Barbell Seated Calf Raise","strength","barbell","calves","beginner","isolation"
"Barbell Shoulder Press","strength","barbell","shoulders","intermediate","compound"
"Barbell Shrug","strength","barbell","traps","beginner","isolation"
"Barbell Shrug Behind The Back","strength","barbell","traps","beginner","isolation"
"Barbell Side Bend","strength","barbell","abdominals","beginner","isolation"
"Barbell Side Split Squat","strength","barbell","quadriceps","beginner","compound"
"Barbell Squat","strength","barbell","quadriceps","beginner","compound"
"Barbell Squat To A Bench","strength","barbell","quadriceps","expert","compound"
"Barbell Step Ups","strength","barbell","quadriceps","intermediate","compound"
"Barbell Walking Lunge","strength","barbell","quadriceps","beginner","compound"
"Battling Ropes","strength","other","shoulders","beginner","compound"
"Bear Crawl Sled Drags","strongman","other","quadriceps","beginner","compound"
"Behind Head Chest Stretch","stretching","other","chest","expert","isolation"
"Bench Dips","strength","body only","triceps","beginner","compound"
"Bench Jump","plyometrics","body only","quadriceps","intermediate","compound"
"Bench Press - Powerlifting","powerlifting","barbell","triceps","intermediate","compound"
"Bench Press - With Bands","strength","bands","chest","beginner","compound"
"Bench Press with Chains","powerlifting","barbell","triceps","expert","compound"
"Bench Sprint","plyometrics","other","quadriceps","beginner","compound"
"Bent-Arm Barbell Pullover","strength","barbell","lats","intermediate","compound"
"Bent-Arm Dumbbell Pullover","strength","dumbbell","chest","intermediate","compound"
"Bent-Knee Hip Raise","strength","body only","abdominals","beginner","compound"
"Bent Over Barbell Row","strength","barbell","middle back","beginner","compound"
"Bent Over Dumbbell Rear Delt Raise With Head On Bench","strength","dumbbell","shoulders","beginner","isolation"
"Bent Over Low-Pulley Side Lateral","strength","cable","shoulders","beginner","isolation"
"Bent Over One-Arm Long Bar Row","strength","barbell","middle back","beginner","compound"
"Bent Over Two-Arm Long Bar Row","strength","barbell","middle back","intermediate","compound"
"Bent Over Two-Dumbbell Row","strength","dumbbell","middle back","beginner","compound"
"Bent Over Two-Dumbbell Row With Palms In","strength","dumbbell","middle back","beginner","compound"
"Bent Press","strength","kettlebells","abdominals","expert","compound"
"Bicycling","cardio","other","quadriceps","beginner",""
"Bicycling, Stationary","cardio","machine","quadriceps","beginner",""
"Board Press","powerlifting","barbell","triceps","intermediate","compound"
"Body-Up","strength","body only","triceps","intermediate","isolation"
"Body Tricep Press","strength","body only","triceps","beginner","isolation"
"Bodyweight Flyes","strength","e-z curl bar","chest","intermediate","isolation"
"Bodyweight Mid Row","strength","other","middle back","intermediate","compound"
"Bodyweight Squat","strength","body only","quadriceps","beginner","compound"
"Bodyweight Walking Lunge","strength","","quadriceps","beginner","compound"
"Bosu Ball Cable Crunch With Side Bends","strength","cable","abdominals","beginner","isolation"
"Bottoms-Up Clean From The Hang Position","strength","kettlebells","forearms","intermediate","compound"
"Bottoms Up","strength","body only","abdominals","beginner","compound"
"Box Jump (Multiple Response)","plyometrics","other","hamstrings","beginner","compound"
"Box Skip","plyometrics","other","hamstrings","beginner","compound"
"Box Squat","powerlifting","barbell","quadriceps","intermediate","compound"
"Box Squat with Bands","powerlifting","barbell","quadriceps","expert","compound"
"Box Squat with Chains","strength","barbell","quadriceps","expert","compound"
"Brachialis-SMR","stretching","foam roll","biceps","intermediate",""
"Bradford/Rocky Presses","strength","barbell","shoulders","beginner","compound"
"Butt-Ups","strength","body only","abdominals","beginner","compound"
"Butt Lift (Bridge)","strength","body only","glutes","beginner","isolation"
"Butterfly","strength","machine","chest","beginner","isolation"
"Cable Chest Press","strength","cable","chest","beginner","compound"
"Cable Crossover","strength","cable","chest","beginner","isolation"
"Cable Crunch","strength","cable","abdominals","beginner","isolation"
"Cable Deadlifts","strength","cable","quadriceps","beginner","compound"
"Cable Hammer Curls - Rope Attachment","strength","cable","biceps","beginner","isolation"
"Cable Hip Adduction","strength","cable","quadriceps","beginner","isolation"
"Cable Incline Pushdown","strength","cable","lats","beginner","isolation"
"Cable Incline Triceps Extension","strength","cable","triceps","beginner","isolation"
"Cable Internal Rotation","strength","cable","shoulders","beginner","compound"
"Cable Iron Cross","strength","cable","chest","beginner","isolation"
"Cable Judo Flip","strength","cable","abdominals","beginner","compound"
"Cable Lying Triceps Extension","strength","cable","triceps","beginner","isolation"
"Cable One Arm Tricep Extension","strength","cable","triceps","beginner","isolation"
"Cable Preacher Curl","strength","cable","biceps","beginner","isolation"
"Cable Rear Delt Fly","strength","cable","shoulders","beginner","isolation"
"Cable Reverse Crunch","strength","cable","abdominals","beginner","isolation"
"Cable Rope Overhead Triceps Extension","strength","cable","triceps","beginner","isolation"
"Cable Rope Rear-Delt Rows","strength","cable","shoulders","beginner","compound"
"Cable Russian Twists","strength","cable","abdominals","beginner","compound"
"Cable Seated Crunch","strength","cable","abdominals","beginner","isolation"
"Cable Seated Lateral Raise","strength","cable","shoulders","beginner","isolation"
"Cable Shoulder Press","strength","cable","shoulders","beginner","compound"
"Cable Shrugs","strength","cable","traps","beginner","isolation"
"Cable Wrist Curl","strength","cable","forearms","beginner","isolation"
"Calf-Machine Shoulder Shrug","strength","machine","traps","beginner","isolation"
"Calf Press","strength","machine","calves","beginner","isolation"
"Calf Press On The Leg Press Machine","strength","machine","calves","beginner","isolation"
"Calf Raise On A Dumbbell","strength","dumbbell","calves","intermediate","isolation"
"Calf Raises - With Bands","strength","bands","calves","beginner","isolation"
"Calf Stretch Elbows Against Wall","stretching","","calves","beginner","isolation"
"Calf Stretch Hands Against Wall","stretching","","calves","beginner","isolation"
"Calves-SMR","stretching","foam roll","calves","intermediate",""
"Car Deadlift","strongman","other","quadriceps","intermediate","compound"
"Car Drivers","strength","barbell","shoulders","beginner","isolation"
"Carioca Quick Step","plyometrics","","adductors","beginner",""
"Cat Stretch","stretching","","lower back","beginner",""
"Catch and Overhead Throw","plyometrics","medicine ball","lats","beginner","compound"
"Chain Handle Extension","powerlifting","other","triceps","intermediate","isolation"
"Chain Press","powerlifting","other","chest","intermediate","compound"
"Chair Leg Extended Stretch","stretching","other","hamstrings","beginner","isolation"
"Chair Lower Back Stretch","stretching","","lats","beginner","isolation"
"Chair Squat","strength","machine","quadriceps","beginner","compound"
"Chair Upper Body Stretch","stretching","other","shoulders","beginner",""
"Chest And Front Of Shoulder Stretch","stretching","other","chest","beginner","isolation"
"Chest Push from 3 point stance","plyometrics","medicine ball","chest","beginner","compound"
"Chest Push (multiple response)","plyometrics","medicine ball","chest","beginner","compound"
"Chest Push (single response)","plyometrics","medicine ball","chest","beginner","compound"
"Chest Push with Run Release","plyometrics","medicine ball","chest","beginner","compound"
"Chest Stretch on Stability Ball","stretching","exercise ball","chest","beginner","isolation"
"Child's Pose","stretching","","lower back","beginner",""
"Chin-Up","strength","body only","lats","beginner","compound"
"Chin To Chest Stretch","stretching","","neck","beginner",""
"Circus Bell","strongman","other","shoulders","expert","compound"
"Clean","olympic weightlifting","barbell","hamstrings","intermediate","compound"
"Clean Deadlift","olympic weightlifting","barbell","hamstrings","beginner","compound"
"Clean Pull","olympic weightlifting","barbell","quadriceps","intermediate","compound"
"Clean Shrug","olympic weightlifting","barbell","traps","beginner","compound"
"Clean and Jerk","olympic weightlifting","barbell","shoulders","expert","compound"
"Clean and Press","strength","barbell","shoulders","intermediate","compound"
"Clean from Blocks","olympic weightlifting","barbell","quadriceps","intermediate","compound"
"Clock Push-Up","strength","body only","chest","intermediate","compound"
"Close-Grip Barbell Bench Press","strength","barbell","triceps","beginner","compound"
"Close-Grip Dumbbell Press","strength","dumbbell","triceps","beginner","compound"
"Close-Grip EZ-Bar Curl with Band","strength","e-z curl bar","biceps","beginner","isolation"
"Close-Grip EZ-Bar Press","strength","e-z curl bar","triceps","beginner","compound"
"Close-Grip EZ Bar Curl","strength","barbell","biceps","beginner","isolation"
"Close-Grip Front Lat Pulldown","strength","cable","lats","beginner","compound"
"Close-Grip Push-Up off of a Dumbbell","strength","body only","triceps","intermediate","compound"
"Close-Grip Standing Barbell Curl","strength","barbell","biceps","beginner","isolation"
"Cocoons","strength","body only","abdominals","beginner","compound"
"Conan's Wheel","strongman","other","quadriceps","intermediate","compound"
"Concentration Curls","strength","dumbbell","biceps","beginner","isolation"
"Cross-Body Crunch","strength","body only","abdominals","beginner","compound"
"Cross Body Hammer Curl","strength","dumbbell","biceps","beginner","isolation"
"Cross Over - With Bands","strength","bands","chest","beginner","compound"
"Crossover Reverse Lunge","stretching","","lower back","intermediate",""
"Crucifix","strongman","other","shoulders","beginner","isolation"
"Crunch - Hands Overhead","strength","body only","abdominals","beginner","isolation"
"Crunch - Legs On Exercise Ball","strength","body only","abdominals","beginner","isolation"
"Crunches","strength","body only","abdominals","beginner","isolation"
"Cuban Press","strength","dumbbell","shoulders","intermediate","compound"
"Dancer's Stretch","stretching","","lower back","beginner",""
"Dead Bug","strength","body only","abdominals","beginner","compound"
"Deadlift with Bands","powerlifting","barbell","lower back","expert","compound"
"Deadlift with Chains","powerlifting","barbell","lower back","expert","compound"
"Decline Barbell Bench Press","strength","barbell","chest","beginner","compound"
"Decline Close-Grip Bench To Skull Crusher","strength","barbell","triceps","intermediate","compound"
"Decline Crunch","strength","body only","abdominals","intermediate","isolation"
"Decline Dumbbell Bench Press","strength","dumbbell","chest","beginner","compound"
"Decline Dumbbell Flyes","strength","dumbbell","chest","beginner","compound"
"Decline Dumbbell Triceps Extension","strength","dumbbell","triceps","beginner","isolation"
"Decline EZ Bar Triceps Extension","strength","barbell","triceps","beginner","isolation"
"Decline Oblique Crunch","strength","body only","abdominals","beginner","compound"
"Decline Push-Up","strength","","chest","beginner","compound"
"Decline Reverse Crunch","strength","body only","abdominals","beginner","compound"
"Decline Smith Press","strength","machine","chest","beginner","compound"
"Deficit Deadlift","powerlifting","barbell","lower back","intermediate","compound"
"Depth Jump Leap","plyometrics","other","quadriceps","beginner","compound"
"Dip Machine","strength","machine","triceps","beginner","compound"
"Dips - Chest Version","strength","other","chest","intermediate","compound"
"Dips - Triceps Version","strength","body only","triceps","beginner","compound"
"Donkey Calf Raises","strength","other","calves","intermediate","isolation"
"Double Kettlebell Alternating Hang Clean","strength","kettlebells","hamstrings","intermediate","compound"
"Double Kettlebell Jerk","strength","kettlebells","shoulders","intermediate","compound"
"Double Kettlebell Push Press","strength","kettlebells","shoulders","intermediate","compound"
"Double Kettlebell Snatch","strength","kettlebells","shoulders","expert","compound"
"Double Kettlebell Windmill","strength","kettlebells","abdominals","intermediate",""
"Double Leg Butt Kick","plyometrics","body only","quadriceps","beginner","compound"
"Downward Facing Balance","strength","exercise ball","glutes","intermediate","isolation"
"Drag Curl","strength","barbell","biceps","intermediate","compound"
"Drop Push","plyometrics","other","chest","intermediate","compound"
"Dumbbell Alternate Bicep Curl","strength","dumbbell","biceps","beginner","isolation"
"Dumbbell Bench Press","strength","dumbbell","chest","beginner","compound"
"Dumbbell Bench Press with Neutral Grip","strength","dumbbell","chest","beginner","compound"
"Dumbbell Bicep Curl","strength","dumbbell","biceps","beginner","isolation"
"Dumbbell Clean","strength","dumbbell","hamstrings","intermediate","compound"
"Dumbbell Floor Press","powerlifting","dumbbell","triceps","intermediate","compound"
"Dumbbell Flyes","strength","dumbbell","chest","beginner","isolation"
"Dumbbell Incline Row","strength","dumbbell","middle back","beginner","compound"
"Dumbbell Incline Shoulder Raise","strength","dumbbell","shoulders","beginner","isolation"
"Dumbbell Lunges","strength","dumbbell","quadriceps","beginner","compound"
"Dumbbell Lying One-Arm Rear Lateral Raise","strength","dumbbell","shoulders","intermediate","isolation"
"Dumbbell Lying Pronation","strength","dumbbell","forearms","intermediate","isolation"
"Dumbbell Lying Rear Lateral Raise","strength","dumbbell","shoulders","intermediate","isolation"
"Dumbbell Lying Supination","strength","dumbbell","forearms","intermediate","isolation"
"Dumbbell One-Arm Shoulder Press","strength","dumbbell","shoulders","intermediate","compound"
"Dumbbell One-Arm Triceps Extension","strength","dumbbell","triceps","intermediate","isolation"
"Dumbbell One-Arm Upright Row","strength","dumbbell","shoulders","intermediate","compound"
"Dumbbell Prone Incline Curl","strength","dumbbell","biceps","intermediate","isolation"
"Dumbbell Raise","strength","dumbbell","shoulders","beginner","compound"
"Dumbbell Rear Lunge","strength","dumbbell","quadriceps","intermediate","compound"
"Dumbbell Scaption","strength","dumbbell","shoulders","beginner","isolation"
"Dumbbell Seated Box Jump","plyometrics","dumbbell","quadriceps","intermediate","compound"
"Dumbbell Seated One-Leg Calf Raise","strength","dumbbell","calves","beginner","isolation"
"Dumbbell Shoulder Press","strength","dumbbell","shoulders","intermediate","compound"
"Dumbbell Shrug","strength","dumbbell","traps","beginner","isolation"
"Dumbbell Side Bend","strength","dumbbell","abdominals","beginner","isolation"
"Dumbbell Squat","strength","dumbbell","quadriceps","beginner","compound"
"Dumbbell Squat To A Bench","strength","dumbbell","quadriceps","intermediate","compound"
"Dumbbell Step Ups","strength","dumbbell","quadriceps","intermediate","compound"
"Dumbbell Tricep Extension -Pronated Grip","strength","dumbbell","triceps","beginner","isolation"
"Dynamic Back Stretch","stretching","","lats","beginner",""
"Dynamic Chest Stretch","stretching","","chest","beginner",""
"EZ-Bar Curl","strength","e-z curl bar","biceps","beginner","isolation"
"EZ-Bar Skullcrusher","strength","e-z curl bar","triceps","beginner","isolation"
"Elbow Circles","stretching","","shoulders","beginner","isolation"
"Elbow to Knee","strength","body only","abdominals","beginner","compound"
"Elbows Back","stretching","","chest","beginner","isolation"
"Elevated Back Lunge","strength","barbell","quadriceps","intermediate","compound"
"Elevated Cable Rows","strength","cable","lats","intermediate","compound"
"Elliptical Trainer","cardio","machine","quadriceps","intermediate",""
"Exercise Ball Crunch","strength","exercise ball","abdominals","beginner","isolation"
"Exercise Ball Pull-In","strength","exercise ball","abdominals","beginner","compound"
"Extended Range One-Arm Kettlebell Floor Press","strength","kettlebells","chest","beginner","compound"
"External Rotation","strength","dumbbell","shoulders","beginner","isolation"
"External Rotation with Band","strength","bands","shoulders","beginner","compound"
"External Rotation with Cable","strength","cable","shoulders","beginner","isolation"
"Face Pull","strength","cable","shoulders","intermediate","compound"
"Farmer's Walk","strongman","other","forearms","intermediate","compound"
"Fast Skipping","plyometrics","body only","quadriceps","beginner","compound"
"Finger Curls","strength","barbell","forearms","beginner","isolation"
"Flat Bench Cable Flyes","strength","cable","chest","intermediate","isolation"
"Flat Bench Leg Pull-In","strength","body only","abdominals","beginner","compound"
"Flat Bench Lying Leg Raise","strength","body only","abdominals","beginner","isolation"
"Flexor Incline Dumbbell Curls","strength","dumbbell","biceps","beginner","isolation"
"Floor Glute-Ham Raise","strength","","hamstrings","intermediate","isolation"
"Floor Press","powerlifting","barbell","triceps","intermediate","compound"
"Floor Press with Chains","powerlifting","barbell","triceps","intermediate","compound"
"Flutter Kicks","strength","body only","glutes","beginner","compound"
"Foot-SMR","stretching","other","calves","intermediate",""
"Forward Drag with Press","strongman","other","chest","intermediate","compound"
"Frankenstein Squat","olympic weightlifting","barbell","quadriceps","intermediate","compound"
"Freehand Jump Squat","strength","body only","quadriceps","intermediate","compound"
"Frog Hops","stretching","","quadriceps","intermediate","compound"
"Frog Sit-Ups","strength","body only","abdominals","intermediate","isolation"
"Front Barbell Squat","strength","barbell","quadriceps","expert","compound"
"Front Barbell Squat To A Bench","strength","barbell","quadriceps","expert","compound"
"Front Box Jump","plyometrics","other","hamstrings","beginner","compound"
"Front Cable Raise","strength","cable","shoulders","beginner","isolation"
"Front Cone Hops (or hurdle hops)","plyometrics","other","quadriceps","beginner","compound"
"Front Dumbbell Raise","strength","dumbbell","shoulders","beginner","isolation"
"Front Incline Dumbbell Raise","strength","dumbbell","shoulders","beginner","isolation"
"Front Leg Raises","stretching","body only","hamstrings","beginner",""
"Front Plate Raise","strength","other","shoulders","intermediate","isolation"
"Front Raise And Pullover","strength","barbell","chest","beginner","compound"
"Front Squat (Clean Grip)","strength","barbell","quadriceps","intermediate","compound"
"Front Squats With Two Kettlebells","strength","kettlebells","quadriceps","intermediate","compound"
"Front Two-Dumbbell Raise","strength","dumbbell","shoulders","beginner","isolation"
"Full Range-Of-Motion Lat Pulldown","strength","cable","lats","intermediate","compound"
"Gironda Sternum Chins","strength","other","lats","intermediate","compound"
"Glute Ham Raise","powerlifting","machine","hamstrings","intermediate","compound"
"Glute Kickback","strength","body only","glutes","beginner","compound"
"Goblet Squat","strength","kettlebells","quadriceps","beginner","compound"
"Good Morning","powerlifting","barbell","hamstrings","intermediate","compound"
"Good Morning off Pins","powerlifting","barbell","hamstrings","intermediate","compound"
"Gorilla Chin/Crunch","strength","body only","abdominals","intermediate","compound"
"Groin and Back Stretch","stretching","","adductors","intermediate","compound"
"Groiners","stretching","body only","adductors","intermediate","compound"
"Hack Squat","strength","machine","quadriceps","beginner","compound"
"Hammer Curls","strength","dumbbell","biceps","beginner","isolation"
"Hammer Grip Incline DB Bench Press","strength","dumbbell","chest","beginner","compound"
"Hamstring-SMR","stretching","foam roll","hamstrings","beginner","isolation"
"Hamstring Stretch","stretching","","hamstrings","beginner","isolation"
"Handstand Push-Ups","strength","body only","shoulders","expert","compound"
"Hang Clean","olympic weightlifting","barbell","quadriceps","intermediate","compound"
"Hang Clean - Below the Knees","olympic weightlifting","barbell","quadriceps","intermediate","compound"
"Hang Snatch","olympic weightlifting","barbell","hamstrings","expert","compound"
"Hang Snatch - Below Knees","olympic weightlifting","barbell","hamstrings","expert","compound"
"Hanging Bar Good Morning","powerlifting","barbell","hamstrings","intermediate","compound"
"Hanging Leg Raise","strength","body only","abdominals","expert","isolation"
"Hanging Pike","strength","body only","abdominals","expert","compound"
"Heaving Snatch Balance","olympic weightlifting","barbell","quadriceps","intermediate","compound"
"Heavy Bag Thrust","plyometrics","other","chest","beginner","compound"
"High Cable Curls","strength","cable","biceps","intermediate","compound"
"Hip Circles (prone)","stretching","body only","abductors","beginner","isolation"
"Hip Extension with Bands","strength","bands","glutes","beginner","compound"
"Hip Flexion with Band","strength","bands","quadriceps","beginner","compound"
"Hip Lift with Band","powerlifting","bands","glutes","beginner","compound"
"Hug A Ball","stretching","exercise ball","lower back","beginner","isolation"
"Hug Knees To Chest","stretching","","lower back","beginner",""
"Hurdle Hops","plyometrics","other","hamstrings","beginner","compound"
"Hyperextensions (Back Extensions)","strength","other","lower back","beginner","isolation"
"Hyperextensions With No Hyperextension Bench","strength","body only","lower back","intermediate","compound"
"IT Band and Glute Stretch","stretching","other","abductors","intermediate",""
"Iliotibial Tract-SMR","stretching","foam roll","abductors","intermediate","isolation"
"Inchworm","stretching","body only","hamstrings","beginner","compound"
"Incline Barbell Triceps Extension","strength","barbell","triceps","intermediate","isolation"
"Incline Bench Pull","strength","barbell","middle back","beginner","isolation"
"Incline Cable Chest Press","strength","cable","chest","beginner","compound"
"Incline Cable Flye","strength","cable","chest","intermediate","isolation"
"Incline Dumbbell Bench With Palms Facing In","strength","dumbbell","chest","beginner","compound"
"Incline Dumbbell Curl","strength","dumbbell","biceps","beginner","isolation"
"Incline Dumbbell Flyes","strength","dumbbell","chest","beginner","compound"
"Incline Dumbbell Flyes - With A Twist","strength","dumbbell","chest","beginner","compound"
"Incline Dumbbell Press","strength","dumbbell","chest","beginner","compound"
"Incline Hammer Curls","strength","dumbbell","biceps","beginner","isolation"
"Incline Inner Biceps Curl","strength","dumbbell","biceps","beginner","isolation"
"Incline Push-Up","strength","body only","chest","beginner","compound"
"Incline Push-Up Close-Grip","strength","body only","triceps","beginner","compound"
"Incline Push-Up Depth Jump","plyometrics","other","chest","beginner","compound"
"Incline Push-Up Medium","strength","body only","chest","beginner","compound"
"Incline Push-Up Reverse Grip","strength","body only","chest","beginner","compound"
"Incline Push-Up Wide","strength","body only","chest","beginner","compound"
"Intermediate Groin Stretch","stretching","other","hamstrings","intermediate","isolation"
"Intermediate Hip Flexor and Quad Stretch","stretching","other","quadriceps","intermediate","compound"
"Internal Rotation with Band","strength","bands","shoulders","beginner","isolation"
"Inverted Row","strength","","middle back","beginner","compound"
"Inverted Row with Straps","strength","other","middle back","beginner","compound"
"Iron Cross","strength","dumbbell","shoulders","intermediate","compound"
"Iron Crosses (stretch)","stretching","","quadriceps","intermediate","compound"
"Isometric Chest Squeezes","plyometrics","body only","chest","beginner","compound"
"Isometric Neck Exercise - Front And Back","strength","body only","neck","beginner","isolation"
"Isometric Neck Exercise - Sides","strength","body only","neck","beginner","isolation"
"Isometric Wipers","strength","body only","chest","beginner","compound"
"JM Press","strength","barbell","triceps","beginner","compound"
"Jackknife Sit-Up","strength","body only","abdominals","beginner","compound"
"Janda Sit-Up","strength","body only","abdominals","beginner","isolation"
"Jefferson Squats","strength","barbell","quadriceps","intermediate","compound"
"Jerk Balance","olympic weightlifting","barbell","shoulders","intermediate","compound"
"Jerk Dip Squat","olympic weightlifting","barbell","quadriceps","intermediate","compound"
"Jogging, Treadmill","cardio","machine","quadriceps","beginner",""
"Keg Load","strongman","other","lower back","intermediate","compound"
"Kettlebell Arnold Press","strength","kettlebells","shoulders","intermediate","compound"
"Kettlebell Dead Clean","strength","kettlebells","hamstrings","intermediate","compound"
"Kettlebell Figure 8","strength","kettlebells","abdominals","intermediate",""
"Kettlebell Hang Clean","strength","kettlebells","hamstrings","intermediate","compound"
"Kettlebell One-Legged Deadlift","strength","kettlebells","hamstrings","intermediate","compound"
"Kettlebell Pass Between The Legs","strength","kettlebells","abdominals","intermediate","compound"
"Kettlebell Pirate Ships","strength","kettlebells","shoulders","beginner","compound"
"Kettlebell Pistol Squat","strength","kettlebells","quadriceps","expert","compound"
"Kettlebell Seated Press","strength","kettlebells","shoulders","intermediate","compound"
"Kettlebell Seesaw Press","strength","kettlebells","shoulders","intermediate","compound"
"Kettlebell Sumo High Pull","strength","kettlebells","traps","intermediate","compound"
"Kettlebell Thruster","strength","kettlebells","shoulders","intermediate","compound"
"Kettlebell Turkish Get-Up (Lunge style)","strength","kettlebells","shoulders","intermediate","compound"
"Kettlebell Turkish Get-Up (Squat style)","strength","kettlebells","shoulders","intermediate","compound"
"Kettlebell Windmill","strength","kettlebells","abdominals","intermediate","compound"
"Kipping Muscle Up","strength","other","lats","intermediate","compound"
"Knee Across The Body","stretching","","glutes","beginner",""
"Knee Circles","stretching","body only","calves","beginner","compound"
"Knee/Hip Raise On Parallel Bars","strength","other","abdominals","beginner","isolation"
"Knee Tuck Jump","plyometrics","body only","hamstrings","beginner","compound"
"Kneeling Arm Drill","plyometrics","","shoulders","beginner",""
"Kneeling Cable Crunch With Alternating Oblique Twists","strength","cable","abdominals","beginner","isolation"
"Kneeling Cable Triceps Extension","strength","cable","triceps","intermediate","isolation"
"Kneeling Forearm Stretch","stretching","","forearms","beginner","isolation"
"Kneeling High Pulley Row","strength","cable","lats","beginner","compound"
"Kneeling Hip Flexor","stretching","","quadriceps","beginner","isolation"
"Kneeling Jump Squat","olympic weightlifting","barbell","glutes","expert","compound"
"Kneeling Single-Arm High Pulley Row","strength","cable","lats","beginner","compound"
"Kneeling Squat","powerlifting","barbell","glutes","intermediate","compound"
"Landmine 180's","strength","barbell","abdominals","beginner","compound"
"Landmine Linear Jammer","strength","barbell","shoulders","intermediate","compound"
"Lateral Bound","plyometrics","body only","adductors","beginner","compound"
"Lateral Box Jump","plyometrics","other","adductors","beginner","compound"
"Lateral Cone Hops","plyometrics","other","adductors","beginner","compound"
"Lateral Raise - With Bands","strength","bands","shoulders","beginner","isolation"
"Latissimus Dorsi-SMR","stretching","foam roll","lats","beginner","isolation"
"Leg-Over Floor Press","strength","kettlebells","chest","intermediate","compound"
"Leg-Up Hamstring Stretch","stretching","","hamstrings","beginner","isolation"
"Leg Extensions","strength","machine","quadriceps","beginner","isolation"
"Leg Lift","strength","body only","glutes","beginner","isolation"
"Leg Press","strength","machine","quadriceps","beginner","compound"
"Leg Pull-In","strength","body only","abdominals","beginner","compound"
"Leverage Chest Press","strength","machine","chest","beginner","compound"
"Leverage Deadlift","strength","machine","quadriceps","beginner","compound"
"Leverage Decline Chest Press","strength","machine","chest","beginner","compound"
"Leverage High Row","strength","machine","middle back","beginner","compound"
"Leverage Incline Chest Press","strength","machine","chest","beginner","compound"
"Leverage Iso Row","strength","machine","lats","beginner","compound"
"Leverage Shoulder Press","strength","machine","shoulders","beginner","compound"
"Leverage Shrug","strength","machine","traps","beginner","isolation"
"Linear 3-Part Start Technique","plyometrics","","hamstrings","beginner","compound"
"Linear Acceleration Wall Drill","plyometrics","","hamstrings","beginner","compound"
"Linear Depth Jump","plyometrics","other","quadriceps","intermediate","compound"
"Log Lift","strongman","other","shoulders","intermediate","compound"
"London Bridges","strength","other","lats","intermediate","compound"
"Looking At Ceiling","stretching","","quadriceps","beginner","isolation"
"Low Cable Crossover","strength","cable","chest","beginner","isolation"
"Low Cable Triceps Extension","strength","cable","triceps","beginner","isolation"
"Low Pulley Row To Neck","strength","cable","shoulders","beginner","compound"
"Lower Back-SMR","stretching","foam roll","lower back","beginner",""
"Lower Back Curl","stretching","body only","abdominals","beginner",""
"Lunge Pass Through","strength","kettlebells","hamstrings","intermediate","compound"
"Lunge Sprint","strength","machine","quadriceps","intermediate","compound"
"Lying Bent Leg Groin","stretching","other","adductors","expert",""
"Lying Cable Curl","strength","cable","biceps","intermediate","isolation"
"Lying Cambered Barbell Row","strength","barbell","middle back","beginner","isolation"
"Lying Close-Grip Bar Curl On High Pulley","strength","cable","biceps","beginner","isolation"
"Lying Close-Grip Barbell Triceps Extension Behind The Head","strength","barbell","triceps","intermediate","isolation"
"Lying Close-Grip Barbell Triceps Press To Chin","strength","e-z curl bar","triceps","intermediate","isolation"
"Lying Crossover","stretching","body only","abductors","expert",""
"Lying Dumbbell Tricep Extension","strength","dumbbell","triceps","intermediate","isolation"
"Lying Face Down Plate Neck Resistance","strength","other","neck","intermediate","isolation"
"Lying Face Up Plate Neck Resistance","strength","other","neck","intermediate","isolation"
"Lying Glute","stretching","body only","glutes","expert",""
"Lying Hamstring","stretching","other","hamstrings","expert",""
"Lying High Bench Barbell Curl","strength","barbell","biceps","intermediate","isolation"
"Lying Leg Curls","strength","machine","hamstrings","beginner","isolation"
"Lying Machine Squat","strength","machine","quadriceps","intermediate","compound"
"Lying One-Arm Lateral Raise","strength","dumbbell","shoulders","intermediate","isolation"
"Lying Prone Quadriceps","stretching","body only","quadriceps","expert",""
"Lying Rear Delt Raise","strength","dumbbell","shoulders","intermediate","isolation"
"Lying Supine Dumbbell Curl","strength","dumbbell","biceps","beginner","isolation"
"Lying T-Bar Row","strength","machine","middle back","intermediate","compound"
"Lying Triceps Press","strength","e-z curl bar","triceps","intermediate","isolation"
"Machine Bench Press","strength","machine","chest","beginner","compound"
"Machine Bicep Curl","strength","machine","biceps","beginner","isolation"
"Machine Preacher Curls","strength","machine","biceps","beginner","isolation"
"Machine Shoulder (Military) Press","strength","machine","shoulders","beginner","compound"
"Machine Triceps Extension","strength","machine","triceps","beginner","isolation"
"Medicine Ball Chest Pass","plyometrics","medicine ball","chest","beginner","compound"
"Medicine Ball Full Twist","plyometrics","medicine ball","abdominals","beginner","compound"
"Medicine Ball Scoop Throw","plyometrics","medicine ball","shoulders","beginner","compound"
"Middle Back Shrug","strength","dumbbell","middle back","intermediate","isolation"
"Middle Back Stretch","stretching","","middle back","beginner","isolation"
"Mixed Grip Chin","strength","other","middle back","expert","compound"
"Monster Walk","strength","bands","abductors","beginner","compound"
"Mountain Climbers","plyometrics","","quadriceps","beginner","compound"
"Moving Claw Series","plyometrics","","hamstrings","beginner","compound"
"Muscle Snatch","olympic weightlifting","barbell","hamstrings","intermediate","compound"
"Muscle Up","strength","other","lats","intermediate","compound"
"Narrow Stance Hack Squats","strength","machine","quadriceps","intermediate","compound"
"Narrow Stance Leg Press","strength","machine","quadriceps","intermediate","compound"
"Narrow Stance Squats","strength","barbell","quadriceps","intermediate","compound"
"Natural Glute Ham Raise","strength","body only","hamstrings","intermediate","compound"
"Neck-SMR","stretching","other","neck","intermediate",""
"Neck Press","strength","barbell","chest","intermediate","compound"
"Oblique Crunches","strength","body only","abdominals","beginner","isolation"
"Oblique Crunches - On The Floor","strength","body only","abdominals","beginner","isolation"
"Olympic Squat","olympic weightlifting","barbell","quadriceps","intermediate","compound"
"On-Your-Back Quad Stretch","stretching","other","quadriceps","beginner","isolation"
"On Your Side Quad Stretch","stretching","","quadriceps","beginner","isolation"
"One-Arm Dumbbell Row","strength","dumbbell","middle back","beginner","compound"
"One-Arm Flat Bench Dumbbell Flye","strength","dumbbell","chest","beginner","isolation"
"One-Arm High-Pulley Cable Side Bends","strength","cable","abdominals","beginner","isolation"
"One-Arm Incline Lateral Raise","strength","dumbbell","shoulders","beginner","isolation"
"One-Arm Kettlebell Clean","strength","kettlebells","hamstrings","intermediate","compound"
"One-Arm Kettlebell Clean and Jerk","strength","kettlebells","shoulders","intermediate","compound"
"One-Arm Kettlebell Floor Press","strength","kettlebells","chest","intermediate","compound"
"One-Arm Kettlebell Jerk","strength","kettlebells","shoulders","intermediate","compound"
"One-Arm Kettlebell Military Press To The Side","strength","kettlebells","shoulders","intermediate","compound"
"One-Arm Kettlebell Para Press","strength","kettlebells","shoulders","intermediate","compound"
"One-Arm Kettlebell Push Press","strength","kettlebells","shoulders","intermediate","compound"
"One-Arm Kettlebell Row","strength","kettlebells","middle back","intermediate","compound"
"One-Arm Kettlebell Snatch","strength","kettlebells","shoulders","expert","compound"
"One-Arm Kettlebell Split Jerk","strength","kettlebells","shoulders","intermediate","compound"
"One-Arm Kettlebell Split Snatch","strength","kettlebells","shoulders","expert","compound"
"One-Arm Kettlebell Swings","strength","kettlebells","hamstrings","intermediate","compound"
"One-Arm Long Bar Row","strength","barbell","middle back","beginner","compound"
"One-Arm Medicine Ball Slam","strength","medicine ball","abdominals","beginner","compound"
"One-Arm Open Palm Kettlebell Clean","strength","kettlebells","hamstrings","intermediate","compound"
"One-Arm Overhead Kettlebell Squats","strength","kettlebells","quadriceps","expert","compound"
"One-Arm Side Deadlift","strength","barbell","quadriceps","expert","compound"
"One-Arm Side Laterals","strength","dumbbell","shoulders","beginner","isolation"
"One-Legged Cable Kickback","strength","cable","glutes","intermediate","isolation"
"One Arm Against Wall","stretching","","lats","beginner","isolation"
"One Arm Chin-Up","strength","other","middle back","expert","compound"
"One Arm Dumbbell Bench Press","strength","dumbbell","chest","beginner","compound"
"One Arm Dumbbell Preacher Curl","strength","dumbbell","biceps","beginner","isolation"
"One Arm Floor Press","strength","barbell","triceps","intermediate","compound"
"One Arm Lat Pulldown","strength","cable","lats","beginner","compound"
"One Arm Pronated Dumbbell Triceps Extension","strength","dumbbell","triceps","beginner","isolation"
"One Arm Supinated Dumbbell Triceps Extension","strength","dumbbell","triceps","beginner","isolation"
"One Half Locust","stretching","","quadriceps","beginner",""
"One Handed Hang","stretching","other","lats","beginner",""
"One Knee To Chest","stretching","","glutes","beginner","compound"
"One Leg Barbell Squat","strength","barbell","quadriceps","expert","compound"
"Open Palm Kettlebell Clean","strength","kettlebells","hamstrings","expert","compound"
"Otis-Up","strength","other","abdominals","beginner","compound"
"Overhead Cable Curl","strength","cable","biceps","intermediate","isolation"
"Overhead Lat","stretching","other","lats","expert",""
"Overhead Slam","plyometrics","medicine ball","lats","beginner","compound"
"Overhead Squat","olympic weightlifting","barbell","quadriceps","expert","compound"
"Overhead Stretch","stretching","","abdominals","beginner","compound"
"Overhead Triceps","stretching","body only","triceps","expert",""
"Pallof Press","strength","cable","abdominals","beginner","isolation"
"Pallof Press With Rotation","strength","cable","abdominals","beginner","compound"
"Palms-Down Dumbbell Wrist Curl Over A Bench","strength","dumbbell","forearms","beginner","isolation"
"Palms-Down Wrist Curl Over A Bench","strength","barbell","forearms","beginner","isolation"
"Palms-Up Barbell Wrist Curl Over A Bench","strength","barbell","forearms","beginner","isolation"
"Palms-Up Dumbbell Wrist Curl Over A Bench","strength","dumbbell","forearms","beginner","isolation"
"Parallel Bar Dip","strength","other","triceps","beginner","compound"
"Pelvic Tilt Into Bridge","stretching","","lower back","intermediate","compound"
"Peroneals-SMR","stretching","foam roll","calves","intermediate",""
"Peroneals Stretch","stretching","other","calves","intermediate",""
"Physioball Hip Bridge","strength","exercise ball","glutes","beginner","compound"
"Pin Presses","powerlifting","barbell","triceps","intermediate","compound"
"Piriformis-SMR","stretching","foam roll","glutes","intermediate","isolation"
"Plank","strength","body only","abdominals","beginner","isolation"
"Plate Pinch","strength","other","forearms","intermediate","isolation"
"Plate Twist","strength","other","abdominals","intermediate","compound"
"Platform Hamstring Slides","strength","other","hamstrings","beginner","isolation"
"Plie Dumbbell Squat","strength","dumbbell","quadriceps","beginner","compound"
"Plyo Kettlebell Pushups","strength","kettlebells","chest","expert","compound"
"Plyo Push-up","plyometrics","body only","chest","beginner","compound"
"Posterior Tibialis Stretch","stretching","other","calves","intermediate",""
"Power Clean","strength","barbell","hamstrings","intermediate","compound"
"Power Clean from Blocks","olympic weightlifting","barbell","hamstrings","intermediate","compound"
"Power Jerk","olympic weightlifting","barbell","quadriceps","expert","compound"
"Power Partials","strength","dumbbell","shoulders","beginner","isolation"
"Power Snatch","olympic weightlifting","barbell","hamstrings","expert","compound"
"Power Snatch from Blocks","olympic weightlifting","barbell","quadriceps","intermediate","compound"
"Power Stairs","strongman","other","hamstrings","intermediate","compound"
"Preacher Curl","strength","barbell","biceps","beginner","isolation"
"Preacher Hammer Dumbbell Curl","strength","dumbbell","biceps","beginner","isolation"
"Press Sit-Up","strength","barbell","abdominals","expert","compound"
"Prone Manual Hamstring","strength","","hamstrings","beginner","isolation"
"Prowler Sprint","cardio","other","hamstrings","beginner","compound"
"Pull Through","strength","cable","glutes","beginner","compound"
"Pullups","strength","body only","lats","beginner","compound"
"Push-Up Wide","strength","body only","chest","beginner","compound"
"Push-Ups - Close Triceps Position","strength","body only","triceps","intermediate","compound"
"Push-Ups With Feet Elevated","strength","body only","chest","beginner","compound"
"Push-Ups With Feet On An Exercise Ball","strength","exercise ball","chest","intermediate","compound"
"Push Press","olympic weightlifting","barbell","shoulders","expert","compound"
"Push Press - Behind the Neck","olympic weightlifting","barbell","shoulders","intermediate","compound"
"Push Up to Side Plank","strength","body only","chest","beginner","compound"
"Pushups","strength","body only","chest","beginner","compound"
"Pushups (Close and Wide Hand Positions)","strength","body only","chest","beginner","compound"
"Pyramid","stretching","exercise ball","lower back","beginner",""
"Quad Stretch","stretching","other","quadriceps","intermediate",""
"Quadriceps-SMR","stretching","foam roll","quadriceps","intermediate","isolation"
"Quick Leap","plyometrics","other","quadriceps","beginner","compound"
"Rack Delivery","olympic weightlifting","barbell","shoulders","intermediate","compound"
"Rack Pull with Bands","powerlifting","barbell","lower back","intermediate","compound"
"Rack Pulls","powerlifting","barbell","lower back","intermediate","compound"
"Rear Leg Raises","stretching","body only","quadriceps","beginner",""
"Recumbent Bike","cardio","machine","quadriceps","beginner",""
"Return Push from Stance","plyometrics","medicine ball","shoulders","beginner","compound"
"Reverse Band Bench Press","powerlifting","barbell","triceps","intermediate","compound"
"Reverse Band Box Squat","powerlifting","barbell","quadriceps","intermediate","compound"
"Reverse Band Deadlift","powerlifting","barbell","lower back","expert","compound"
"Reverse Band Power Squat","powerlifting","barbell","quadriceps","expert","compound"
"Reverse Band Sumo Deadlift","powerlifting","barbell","hamstrings","expert","compound"
"Reverse Barbell Curl","strength","barbell","biceps","beginner","isolation"
"Reverse Barbell Preacher Curls","strength","e-z curl bar","biceps","intermediate","isolation"
"Reverse Cable Curl","strength","cable","biceps","beginner","isolation"
"Reverse Crunch","strength","body only","abdominals","beginner","isolation"
"Reverse Flyes","strength","dumbbell","shoulders","beginner","isolation"
"Reverse Flyes With External Rotation","strength","dumbbell","shoulders","intermediate","isolation"
"Reverse Grip Bent-Over Rows","strength","barbell","middle back","intermediate","compound"
"Reverse Grip Triceps Pushdown","strength","cable","triceps","beginner","isolation"
"Reverse Hyperextension","strength","machine","hamstrings","intermediate",""
"Reverse Machine Flyes","strength","machine","shoulders","beginner","isolation"
"Reverse Plate Curls","strength","other","biceps","beginner","isolation"
"Reverse Triceps Bench Press","strength","barbell","triceps","intermediate","compound"
"Rhomboids-SMR","stretching","foam roll","middle back","intermediate",""
"Rickshaw Carry","strongman","other","forearms","intermediate","compound"
"Rickshaw Deadlift","strongman","other","quadriceps","intermediate","compound"
"Ring Dips","strength","other","triceps","intermediate","compound"
"Rocket Jump","plyometrics","body only","quadriceps","beginner","compound"
"Rocking Standing Calf Raise","strength","barbell","calves","beginner","isolation"
"Rocky Pull-Ups/Pulldowns","strength","other","lats","intermediate","compound"
"Romanian Deadlift","strength","barbell","hamstrings","intermediate","compound"
"Romanian Deadlift from Deficit","olympic weightlifting","barbell","hamstrings","intermediate","compound"
"Rope Climb","strength","other","lats","intermediate","compound"
"Rope Crunch","strength","cable","abdominals","beginner","isolation"
"Rope Jumping","cardio","other","quadriceps","intermediate",""
"Rope Straight-Arm Pulldown","strength","cable","lats","beginner","isolation"
"Round The World Shoulder Stretch","stretching","other","shoulders","beginner",""
"Rowing, Stationary","cardio","machine","quadriceps","intermediate",""
"Runner's Stretch","stretching","","hamstrings","beginner",""
"Running, Treadmill","cardio","machine","quadriceps","beginner",""
"Russian Twist","strength","body only","abdominals","intermediate","compound"
"Sandbag Load","strongman","other","quadriceps","beginner","compound"
"Scapular Pull-Up","strength","","traps","beginner","isolation"
"Scissor Kick","stretching","body only","abdominals","beginner","isolation"
"Scissors Jump","plyometrics","body only","quadriceps","beginner","compound"
"Seated Band Hamstring Curl","strength","other","hamstrings","beginner","isolation"
"Seated Barbell Military Press","strength","barbell","shoulders","intermediate","compound"
"Seated Barbell Twist","strength","barbell","abdominals","beginner","isolation"
"Seated Bent-Over One-Arm Dumbbell Triceps Extension","strength","dumbbell","triceps","beginner","isolation"
"Seated Bent-Over Rear Delt Raise","strength","dumbbell","shoulders","intermediate","isolation"
"Seated Bent-Over Two-Arm Dumbbell Triceps Extension","strength","dumbbell","triceps","intermediate","isolation"
"Seated Biceps","stretching","body only","biceps","expert","isolation"
"Seated Cable Rows","strength","cable","middle back","beginner","compound"
"Seated Cable Shoulder Press","strength","cable","shoulders","beginner","compound"
"Seated Calf Raise","strength","machine","calves","beginner","isolation"
"Seated Calf Stretch","stretching","","calves","beginner",""
"Seated Close-Grip Concentration Barbell Curl","strength","barbell","biceps","intermediate","isolation"
"Seated Dumbbell Curl","strength","dumbbell","biceps","beginner","isolation"
"Seated Dumbbell Inner Biceps Curl","strength","dumbbell","biceps","beginner","isolation"
"Seated Dumbbell Palms-Down Wrist Curl","strength","dumbbell","forearms","beginner","isolation"
"Seated Dumbbell Palms-Up Wrist Curl","strength","dumbbell","forearms","beginner","isolation"
"Seated Dumbbell Press","strength","dumbbell","shoulders","beginner","compound"
"Seated Flat Bench Leg Pull-In","strength","body only","abdominals","beginner","compound"
"Seated Floor Hamstring Stretch","stretching","","hamstrings","beginner",""
"Seated Front Deltoid","stretching","body only","shoulders","expert",""
"Seated Glute","stretching","body only","glutes","expert",""
"Seated Good Mornings","powerlifting","barbell","lower back","intermediate","compound"
"Seated Hamstring","stretching","","hamstrings","expert",""
"Seated Hamstring and Calf Stretch","stretching","other","hamstrings","intermediate",""
"Seated Head Harness Neck Resistance","strength","other","neck","intermediate","isolation"
"Seated Leg Curl","strength","machine","hamstrings","beginner","isolation"
"Seated Leg Tucks","strength","body only","abdominals","beginner","isolation"
"Seated One-Arm Dumbbell Palms-Down Wrist Curl","strength","dumbbell","forearms","intermediate","isolation"
"Seated One-Arm Dumbbell Palms-Up Wrist Curl","strength","dumbbell","forearms","beginner","isolation"
"Seated One-arm Cable Pulley Rows","strength","cable","middle back","intermediate","compound"
"Seated Overhead Stretch","stretching","","abdominals","beginner","isolation"
"Seated Palm-Up Barbell Wrist Curl","strength","barbell","forearms","beginner","isolation"
"Seated Palms-Down Barbell Wrist Curl","strength","barbell","forearms","beginner","isolation"
"Seated Side Lateral Raise","strength","dumbbell","shoulders","beginner","isolation"
"Seated Triceps Press","strength","dumbbell","triceps","beginner","isolation"
"Seated Two-Arm Palms-Up Low-Pulley Wrist Curl","strength","cable","forearms","beginner","isolation"
"See-Saw Press (Alternating Side Press)","strength","dumbbell","shoulders","intermediate","compound"
"Shotgun Row","strength","cable","lats","beginner","compound"
"Shoulder Circles","stretching","","shoulders","beginner",""
"Shoulder Press - With Bands","strength","bands","shoulders","beginner","compound"
"Shoulder Raise","stretching","","shoulders","beginner",""
"Shoulder Stretch","stretching","","shoulders","beginner",""
"Side-Lying Floor Stretch","stretching","","lats","beginner",""
"Side Bridge","strength","body only","abdominals","beginner",""
"Side Hop-Sprint","plyometrics","other","quadriceps","beginner","compound"
"Side Jackknife","strength","body only","abdominals","beginner","compound"
"Side Lateral Raise","strength","dumbbell","shoulders","beginner","isolation"
"Side Laterals to Front Raise","strength","dumbbell","shoulders","beginner","isolation"
"Side Leg Raises","stretching","body only","adductors","beginner",""
"Side Lying Groin Stretch","stretching","","adductors","beginner","isolation"
"Side Neck Stretch","stretching","","neck","beginner","isolation"
"Side Standing Long Jump","plyometrics","","quadriceps","beginner","compound"
"Side To Side Chins","strength","other","lats","intermediate","compound"
"Side Wrist Pull","stretching","","shoulders","beginner","isolation"
"Side to Side Box Shuffle","plyometrics","other","quadriceps","beginner","compound"
"Single-Arm Cable Crossover","strength","cable","chest","beginner","isolation"
"Single-Arm Linear Jammer","strength","barbell","shoulders","intermediate","compound"
"Single-Arm Push-Up","strength","body only","chest","intermediate","compound"
"Single-Cone Sprint Drill","plyometrics","other","quadriceps","beginner",""
"Single-Leg High Box Squat","strength","other","quadriceps","beginner","compound"
"Single-Leg Hop Progression","plyometrics","other","quadriceps","beginner","compound"
"Single-Leg Lateral Hop","plyometrics","other","quadriceps","beginner","compound"
"Single-Leg Leg Extension","strength","machine","quadriceps","beginner","isolation"
"Single-Leg Stride Jump","plyometrics","other","quadriceps","beginner","compound"
"Single Dumbbell Raise","strength","dumbbell","shoulders","beginner","isolation"
"Single Leg Butt Kick","plyometrics","body only","quadriceps","beginner","compound"
"Single Leg Glute Bridge","strength","body only","glutes","beginner","isolation"
"Single Leg Push-off","plyometrics","other","quadriceps","beginner","compound"
"Sit-Up","strength","body only","abdominals","beginner","isolation"
"Sit Squats","stretching","","quadriceps","beginner",""
"Skating","cardio","other","quadriceps","intermediate",""
"Sled Drag - Harness","strongman","other","quadriceps","beginner","compound"
"Sled Overhead Backward Walk","strength","other","shoulders","beginner","compound"
"Sled Overhead Triceps Extension","strength","other","triceps","beginner","isolation"
"Sled Push","strongman","other","quadriceps","beginner","compound"
"Sled Reverse Flye","strength","other","shoulders","beginner","isolation"
"Sled Row","strength","other","middle back","beginner","compound"
"Sledgehammer Swings","plyometrics","other","abdominals","beginner","compound"
"Smith Incline Shoulder Raise","strength","barbell","shoulders","beginner","isolation"
"Smith Machine Behind the Back Shrug","strength","machine","traps","beginner","isolation"
"Smith Machine Bench Press","strength","machine","chest","beginner","compound"
"Smith Machine Bent Over Row","strength","machine","middle back","beginner","compound"
"Smith Machine Calf Raise","strength","machine","calves","beginner","isolation"
"Smith Machine Close-Grip Bench Press","strength","machine","triceps","beginner","compound"
"Smith Machine Decline Press","strength","machine","chest","beginner","compound"
"Smith Machine Hang Power Clean","strength","machine","hamstrings","intermediate","compound"
"Smith Machine Hip Raise","strength","machine","abdominals","beginner","isolation"
"Smith Machine Incline Bench Press","strength","machine","chest","beginner","compound"
"Smith Machine Leg Press","strength","machine","quadriceps","intermediate","compound"
"Smith Machine One-Arm Upright Row","strength","machine","shoulders","beginner","compound"
"Smith Machine Overhead Shoulder Press","strength","machine","shoulders","beginner","compound"
"Smith Machine Pistol Squat","strength","machine","quadriceps","intermediate","compound"
"Smith Machine Reverse Calf Raises","strength","machine","calves","beginner","isolation"
"Smith Machine Squat","strength","machine","quadriceps","beginner","compound"
"Smith Machine Stiff-Legged Deadlift","strength","machine","hamstrings","beginner","compound"
"Smith Machine Upright Row","strength","machine","traps","beginner","compound"
"Smith Single-Leg Split Squat","strength","machine","quadriceps","beginner","compound"
"Snatch","olympic weightlifting","barbell","quadriceps","intermediate","compound"
"Snatch Balance","olympic weightlifting","barbell","quadriceps","intermediate","compound"
"Snatch Deadlift","olympic weightlifting","barbell","hamstrings","intermediate","compound"
"Snatch Pull","strength","barbell","hamstrings","intermediate","compound"
"Snatch Shrug","olympic weightlifting","barbell","traps","intermediate","compound"
"Snatch from Blocks","olympic weightlifting","barbell","quadriceps","expert","compound"
"Speed Band Overhead Triceps","strength","bands","triceps","beginner","isolation"
"Speed Box Squat","powerlifting","barbell","quadriceps","intermediate","compound"
"Speed Squats","strength","barbell","quadriceps","expert","compound"
"Spell Caster","strength","dumbbell","abdominals","beginner","compound"
"Spider Crawl","strength","body only","abdominals","beginner","compound"
"Spider Curl","strength","e-z curl bar","biceps","beginner","isolation"
"Spinal Stretch","stretching","","middle back","beginner","isolation"
"Split Clean","olympic weightlifting","barbell","quadriceps","intermediate","compound"
"Split Jerk","olympic weightlifting","barbell","quadriceps","intermediate","compound"
"Split Jump","plyometrics","body only","quadriceps","beginner","compound"
"Split Snatch","olympic weightlifting","barbell","hamstrings","expert","compound"
"Split Squat with Dumbbells","strength","dumbbell","quadriceps","beginner","compound"
"Split Squats","stretching","","hamstrings","intermediate",""
"Squat Jerk","strength","barbell","quadriceps","expert","compound"
"Squat with Bands","powerlifting","barbell","quadriceps","intermediate","compound"
"Squat with Chains","powerlifting","barbell","quadriceps","intermediate","compound"
"Squat with Plate Movers","strength","barbell","quadriceps","intermediate","compound"
"Squats - With Bands","strength","bands","quadriceps","beginner","compound"
"Stairmaster","cardio","machine","quadriceps","intermediate",""
"Standing Alternating Dumbbell Press","strength","dumbbell","shoulders","beginner","compound"
"Standing Barbell Calf Raise","strength","barbell","calves","beginner","isolation"
"Standing Barbell Press Behind Neck","strength","barbell","shoulders","intermediate","compound"
"Standing Bent-Over One-Arm Dumbbell Triceps Extension","strength","dumbbell","triceps","beginner","isolation"
"Standing Bent-Over Two-Arm Dumbbell Triceps Extension","strength","dumbbell","triceps","beginner","isolation"
"Standing Biceps Cable Curl","strength","cable","biceps","beginner","isolation"
"Standing Biceps Stretch","stretching","other","biceps","beginner","isolation"
"Standing Bradford Press","strength","barbell","shoulders","beginner","compound"
"Standing Cable Chest Press","strength","cable","chest","beginner","compound"
"Standing Cable Lift","strength","cable","abdominals","beginner","compound"
"Standing Cable Wood Chop","strength","cable","abdominals","beginner","compound"
"Standing Calf Raises","strength","machine","calves","beginner","isolation"
"Standing Concentration Curl","strength","dumbbell","biceps","beginner","isolation"
"Standing Dumbbell Calf Raise","strength","dumbbell","calves","intermediate","isolation"
"Standing Dumbbell Press","strength","dumbbell","shoulders","beginner","compound"
"Standing Dumbbell Reverse Curl","strength","dumbbell","biceps","intermediate","isolation"
"Standing Dumbbell Straight-Arm Front Delt Raise Above Head","strength","dumbbell","shoulders","intermediate","isolation"
"Standing Dumbbell Triceps Extension","strength","dumbbell","triceps","beginner","isolation"
"Standing Dumbbell Upright Row","strength","dumbbell","traps","beginner","compound"
"Standing Elevated Quad Stretch","stretching","other","quadriceps","beginner",""
"Standing Front Barbell Raise Over Head","strength","barbell","shoulders","intermediate","isolation"
"Standing Gastrocnemius Calf Stretch","stretching","","calves","beginner",""
"Standing Hamstring and Calf Stretch","stretching","other","hamstrings","beginner",""
"Standing Hip Circles","stretching","body only","abductors","beginner","isolation"
"Standing Hip Flexors","stretching","","quadriceps","beginner","isolation"
"Standing Inner-Biceps Curl","strength","dumbbell","biceps","intermediate","isolation"
"Standing Lateral Stretch","stretching","","abdominals","beginner",""
"Standing Leg Curl","strength","machine","hamstrings","beginner","isolation"
"Standing Long Jump","plyometrics","body only","quadriceps","beginner","compound"
"Standing Low-Pulley Deltoid Raise","strength","cable","shoulders","beginner","isolation"
"Standing Low-Pulley One-Arm Triceps Extension","strength","cable","triceps","intermediate","isolation"
"Standing Military Press","strength","barbell","shoulders","beginner","compound"
"Standing Olympic Plate Hand Squeeze","strength","other","forearms","beginner","isolation"
"Standing One-Arm Cable Curl","strength","cable","biceps","intermediate","isolation"
"Standing One-Arm Dumbbell Curl Over Incline Bench","strength","dumbbell","biceps","beginner","isolation"
"Standing One-Arm Dumbbell Triceps Extension","strength","dumbbell","triceps","beginner","isolation"
"Standing Overhead Barbell Triceps Extension","strength","barbell","triceps","beginner","isolation"
"Standing Palm-In One-Arm Dumbbell Press","strength","dumbbell","shoulders","beginner","compound"
"Standing Palms-In Dumbbell Press","strength","dumbbell","shoulders","intermediate","compound"
"Standing Palms-Up Barbell Behind The Back Wrist Curl","strength","barbell","forearms","beginner","isolation"
"Standing Pelvic Tilt","stretching","","lower back","beginner","isolation"
"Standing Rope Crunch","strength","cable","abdominals","beginner","isolation"
"Standing Soleus And Achilles Stretch","stretching","","calves","beginner","isolation"
"Standing Toe Touches","stretching","","hamstrings","beginner",""
"Standing Towel Triceps Extension","strength","body only","triceps","beginner","isolation"
"Standing Two-Arm Overhead Throw","plyometrics","medicine ball","shoulders","beginner","compound"
"Star Jump","plyometrics","body only","quadriceps","beginner","compound"
"Step-up with Knee Raise","strength","body only","glutes","beginner","compound"
"Step Mill","cardio","machine","quadriceps","intermediate",""
"Stiff-Legged Barbell Deadlift","strength","barbell","hamstrings","intermediate","compound"
"Stiff-Legged Dumbbell Deadlift","strength","dumbbell","hamstrings","beginner","compound"
"Stiff Leg Barbell Good Morning","strength","barbell","lower back","beginner","compound"
"Stomach Vacuum","stretching","body only","abdominals","beginner","isolation"
"Straight-Arm Dumbbell Pullover","strength","dumbbell","chest","intermediate","compound"
"Straight-Arm Pulldown","strength","cable","lats","beginner","isolation"
"Straight Bar Bench Mid Rows","strength","barbell","middle back","beginner","compound"
"Straight Raises on Incline Bench","strength","barbell","shoulders","beginner","isolation"
"Stride Jump Crossover","plyometrics","other","quadriceps","beginner","compound"
"Sumo Deadlift","powerlifting","barbell","hamstrings","intermediate","compound"
"Sumo Deadlift with Bands","powerlifting","barbell","hamstrings","intermediate","compound"
"Sumo Deadlift with Chains","powerlifting","barbell","hamstrings","intermediate","compound"
"Superman","stretching","body only","lower back","beginner","compound"
"Supine Chest Throw","plyometrics","medicine ball","triceps","beginner","compound"
"Supine One-Arm Overhead Throw","plyometrics","medicine ball","abdominals","beginner","compound"
"Supine Two-Arm Overhead Throw","plyometrics","medicine ball","abdominals","beginner","compound"
"Suspended Fallout","strength","other","abdominals","intermediate","isolation"
"Suspended Push-Up","strength","other","chest","beginner","compound"
"Suspended Reverse Crunch","strength","other","abdominals","beginner","isolation"
"Suspended Row","strength","other","middle back","beginner","compound"
"Suspended Split Squat","strength","other","quadriceps","intermediate","compound"
"Svend Press","strength","other","chest","beginner","compound"
"T-Bar Row with Handle","strength","barbell","middle back","beginner","compound"
"Tate Press","strength","dumbbell","triceps","intermediate","isolation"
"The Straddle","stretching","","hamstrings","beginner",""
"Thigh Abductor","strength","machine","abductors","beginner","isolation"
"Thigh Adductor","strength","machine","adductors","beginner","isolation"
"Tire Flip","strongman","other","quadriceps","intermediate","compound"
"Toe Touchers","stretching","body only","abdominals","beginner","isolation"
"Torso Rotation","stretching","exercise ball","abdominals","beginner",""
"Trail Running/Walking","cardio","","quadriceps","beginner",""
"Trap Bar Deadlift","strength","other","quadriceps","beginner","compound"
"Tricep Dumbbell Kickback","strength","dumbbell","triceps","beginner","isolation"
"Tricep Side Stretch","stretching","","triceps","beginner",""
"Triceps Overhead Extension with Rope","strength","cable","triceps","beginner","isolation"
"Triceps Pushdown","strength","cable","triceps","beginner","isolation"
"Triceps Pushdown - Rope Attachment","strength","cable","triceps","beginner","isolation"
"Triceps Pushdown - V-Bar Attachment","strength","cable","triceps","beginner","isolation"
"Triceps Stretch","stretching","","triceps","beginner","isolation"
"Tuck Crunch","strength","body only","abdominals","beginner","isolation"
"Two-Arm Dumbbell Preacher Curl","strength","dumbbell","biceps","beginner","isolation"
"Two-Arm Kettlebell Clean","strength","kettlebells","shoulders","intermediate","compound"
"Two-Arm Kettlebell Jerk","strength","kettlebells","shoulders","intermediate","compound"
"Two-Arm Kettlebell Military Press","strength","kettlebells","shoulders","intermediate","compound"
"Two-Arm Kettlebell Row","strength","kettlebells","middle back","intermediate","compound"
"Underhand Cable Pulldowns","strength","cable","lats","beginner","compound"
"Upper Back-Leg Grab","stretching","","hamstrings","beginner",""
"Upper Back Stretch","stretching","","middle back","beginner",""
"Upright Barbell Row","strength","barbell","shoulders","beginner","compound"
"Upright Cable Row","strength","cable","traps","intermediate","compound"
"Upright Row - With Bands","strength","bands","traps","beginner","compound"
"Upward Stretch","stretching","","shoulders","beginner",""
"V-Bar Pulldown","strength","cable","lats","intermediate","compound"
"V-Bar Pullup","strength","body only","lats","beginner","compound"
"Vertical Swing","plyometrics","dumbbell","hamstrings","beginner","compound"
"Walking, Treadmill","cardio","machine","quadriceps","beginner",""
"Weighted Ball Hyperextension","strength","exercise ball","lower back","intermediate","compound"
"Weighted Ball Side Bend","strength","exercise ball","abdominals","intermediate","isolation"
"Weighted Bench Dip","strength","other","triceps","intermediate","compound"
"Weighted Crunches","strength","medicine ball","abdominals","beginner","isolation"
"Weighted Jump Squat","strength","barbell","quadriceps","intermediate","compound"
"Weighted Pull Ups","strength","other","lats","intermediate","compound"
"Weighted Sissy Squat","strength","barbell","quadriceps","expert","compound"
"Weighted Sit-Ups - With Bands","strength","other","abdominals","intermediate","isolation"
"Weighted Squat","strength","other","quadriceps","intermediate","compound"
"Wide-Grip Barbell Bench Press","strength","barbell","chest","intermediate","compound"
"Wide-Grip Decline Barbell Bench Press","strength","barbell","chest","intermediate","compound"
"Wide-Grip Decline Barbell Pullover","strength","barbell","chest","intermediate","compound"
"Wide-Grip Lat Pulldown","strength","cable","lats","beginner","compound"
"Wide-Grip Pulldown Behind The Neck","strength","cable","lats","intermediate","compound"
"Wide-Grip Rear Pull-Up","strength","body only","lats","intermediate","compound"
"Wide-Grip Standing Barbell Curl","strength","barbell","biceps","beginner","isolation"
"Wide Stance Barbell Squat","strength","barbell","quadriceps","intermediate","compound"
"Wide Stance Stiff Legs","olympic weightlifting","barbell","hamstrings","intermediate","compound"
"Wind Sprints","strength","body only","abdominals","beginner","compound"
"Windmills","stretching","","abductors","intermediate",""
"World's Greatest Stretch","stretching","","hamstrings","intermediate",""
"Wrist Circles","stretching","body only","forearms","beginner","isolation"
"Wrist Roller","strength","other","forearms","beginner","isolation"
"Wrist Rotations with Straight Bar","strength","barbell","forearms","beginner","isolation"
"Yoke Walk","strongman","other","quadriceps","intermediate","compound"
"Zercher Squats","strength","barbell","quadriceps","expert","compound"
"Zottman Curl","strength","dumbbell","biceps","intermediate","isolation"
"Zottman Preacher Curl","strength","dumbbell","biceps","intermediate","isolation"